{"cameraMode":{"drawMode":0,"name":"Shaded","section":"Shading Mode"},"sceneLighting":true,"audioPlay":false,"sceneViewState":{"m_AlwaysRefresh":false,"showFog":true,"showSkybox":true,"showFlares":true,"showImageEffects":true,"showParticleSystems":true,"showVisualEffectGraphs":true,"m_FxEnabled":true},"in2DMode":false,"pivot":{"x":59.62652587890625,"y":20.567489624023439,"z":-15.61668586730957},"rotation":{"x":-0.15061098337173463,"y":0.6027821898460388,"z":-0.11717700958251953,"w":-0.7747657299041748},"size":0.0005317810573615134,"orthographic":false}